ID,price
845,inf
1924,inf
10718,inf
12076,inf
12254,inf
9950,inf
1548,inf
526,inf
6776,inf
1851,inf
9188,inf
3382,inf
242,inf
6439,inf
1561,inf
5339,inf
7387,inf
11576,inf
5984,inf
4486,inf
2205,inf
3468,inf
4226,inf
2088,inf
2118,inf
8036,inf
23,inf
1898,inf
6976,inf
1465,inf
2040,inf
482,inf
5122,inf
3447,inf
12877,inf
3780,inf
1285,inf
9200,inf
921,inf
3060,inf
1082,inf
71,inf
4464,inf
4576,inf
897,inf
1756,inf
8745,inf
806,inf
803,inf
7613,inf
243,inf
8135,inf
1527,inf
2825,inf
666,inf
12028,inf
2308,inf
11223,inf
1479,inf
2057,inf
2368,inf
7638,inf
432,inf
9800,inf
2140,inf
837,inf
3227,inf
12412,inf
10267,inf
3850,inf
382,inf
1280,inf
2226,inf
4166,inf
5208,inf
4513,inf
10814,inf
3120,inf
7915,inf
3513,inf
9041,inf
561,inf
11041,inf
2920,inf
2042,inf
10220,inf
11511,inf
8424,inf
5801,inf
10746,inf
11018,inf
816,inf
10413,inf
4471,inf
1928,inf
323,inf
11548,inf
12564,inf
5817,inf
1030,inf
3888,inf
2427,inf
5378,inf
3701,inf
4536,inf
3799,inf
9431,inf
10878,inf
2028,inf
5598,inf
5828,inf
2842,inf
279,inf
4812,inf
11406,inf
1086,inf
2696,inf
9220,inf
1496,inf
3737,inf
12211,inf
1556,inf
1066,inf
1836,inf
10913,inf
1868,inf
12610,inf
12146,inf
2087,inf
2916,inf
10188,inf
3253,inf
9082,inf
12493,inf
5898,inf
8409,inf
5885,inf
1101,inf
10071,inf
11403,inf
728,inf
11647,inf
1931,inf
232,inf
3988,inf
9416,inf
1866,inf
5685,inf
2779,inf
3294,inf
1471,inf
2960,inf
10447,inf
1220,inf
69,inf
2002,inf
2784,inf
1911,inf
3023,inf
3394,inf
5920,inf
688,inf
1511,inf
3572,inf
12401,inf
10756,inf
4007,inf
3230,inf
12240,inf
10539,inf
3226,inf
2280,inf
3650,inf
8540,inf
5847,inf
6694,inf
1336,inf
2538,inf
7185,inf
8314,inf
1204,inf
2020,inf
2468,inf
9909,inf
7935,inf
1361,inf
6138,inf
1914,inf
11090,inf
9320,inf
172,inf
823,inf
1189,inf
3768,inf
2993,inf
12873,inf
1146,inf
19,inf
2113,inf
5132,inf
11109,inf
1562,inf
337,inf
1981,inf
546,inf
7428,inf
230,inf
412,inf
2205,inf
9114,inf
1803,inf
1571,inf
12362,inf
8109,inf
3868,inf
3013,inf
1011,inf
12983,inf
116,inf
3245,inf
2253,inf
10879,inf
2246,inf
11494,inf
2259,inf
2199,inf
1692,inf
5772,inf
10182,inf
5051,inf
5033,inf
11113,inf
51,inf
5129,inf
1550,inf
616,inf
10151,inf
6994,inf
5738,inf
5729,inf
1122,inf
3406,inf
2196,inf
3768,inf
4432,inf
2236,inf
1743,inf
2046,inf
781,inf
1126,inf
10472,inf
3524,inf
6922,inf
6018,inf
2973,inf
8323,inf
576,inf
3118,inf
5737,inf
4642,inf
8425,inf
2245,inf
12248,inf
2533,inf
3134,inf
5871,inf
9331,inf
959,inf
2753,inf
2887,inf
11710,inf
5279,inf
3249,inf
9711,inf
5061,inf
2493,inf
627,inf
2618,inf
4698,inf
1575,inf
425,inf
944,inf
3508,inf
3674,inf
3351,inf
1348,inf
1421,inf
9134,inf
6348,inf
1277,inf
1152,inf
7783,inf
29,inf
11244,inf
5924,inf
3001,inf
4587,inf
8303,inf
2439,inf
3060,inf
8575,inf
11031,inf
2056,inf
8657,inf
7669,inf
371,inf
3985,inf
279,inf
2964,inf
5411,inf
4555,inf
3310,inf
2340,inf
2139,inf
578,inf
2263,inf
11168,inf
8198,inf
6174,inf
7566,inf
5106,inf
1977,inf
5663,inf
1398,inf
2207,inf
1987,inf
70,inf
12282,inf
5913,inf
6506,inf
3957,inf
881,inf
1599,inf
1989,inf
1719,inf
3669,inf
7029,inf
3537,inf
8590,inf
2974,inf
431,inf
12647,inf
2062,inf
8040,inf
7744,inf
6155,inf
98,inf
3514,inf
776,inf
3678,inf
2529,inf
1806,inf
6359,inf
200,inf
1477,inf
1679,inf
2323,inf
917,inf
430,inf
3723,inf
6665,inf
2719,inf
10429,inf
428,inf
3995,inf
393,inf
2336,inf
2107,inf
1242,inf
7616,inf
11586,inf
762,inf
1677,inf
9356,inf
4810,inf
1643,inf
1977,inf
1102,inf
2231,inf
6369,inf
8299,inf
9088,inf
12140,inf
89,inf
12948,inf
2387,inf
9454,inf
10957,inf
6075,inf
2665,inf
6511,inf
3180,inf
4079,inf
7372,inf
10509,inf
3302,inf
10714,inf
1794,inf
6467,inf
10015,inf
12005,inf
11832,inf
7524,inf
680,inf
376,inf
8563,inf
2826,inf
11426,inf
6426,inf
649,inf
2190,inf
11071,inf
738,inf
3915,inf
2056,inf
11297,inf
2113,inf
1235,inf
12351,inf
995,inf
857,inf
1559,inf
7580,inf
716,inf
3161,inf
6287,inf
3061,inf
2715,inf
8652,inf
8978,inf
11641,inf
4811,inf
132,inf
3930,inf
12963,inf
3625,inf
2256,inf
11883,inf
1393,inf
778,inf
333,inf
2259,inf
4898,inf
975,inf
2130,inf
12336,inf
12354,inf
1707,inf
432,inf
1815,inf
12357,inf
11140,inf
9197,inf
10500,inf
12701,inf
12111,inf
11150,inf
1933,inf
4617,inf
12312,inf
7129,inf
5744,inf
3903,inf
3017,inf
8723,inf
3629,inf
2638,inf
1632,inf
3922,inf
2216,inf
5267,inf
11091,inf
4964,inf
678,inf
4678,inf
9836,inf
8905,inf
3150,inf
1805,inf
11262,inf
8024,inf
12988,inf
1611,inf
3466,inf
2127,inf
497,inf
1647,inf
2848,inf
293,inf
7256,inf
9063,inf
6441,inf
47,inf
5323,inf
6487,inf
1948,inf
1659,inf
1213,inf
11663,inf
3954,inf
724,inf
1930,inf
7833,inf
814,inf
12190,inf
4080,inf
11344,inf
272,inf
10180,inf
6099,inf
5797,inf
7476,inf
833,inf
5545,inf
630,inf
1502,inf
12148,inf
1605,inf
2365,inf
12494,inf
6244,inf
3130,inf
1870,inf
10144,inf
3752,inf
5798,inf
1765,inf
11929,inf
3241,inf
8324,inf
2688,inf
2912,inf
6742,inf
2694,inf
5237,inf
9138,inf
1773,inf
3607,inf
3968,inf
1140,inf
9624,inf
8311,inf
202,inf
2982,inf
180,inf
3157,inf
2959,inf
1436,inf
10813,inf
7478,inf
10467,inf
5901,inf
5981,inf
8065,inf
190,inf
6240,inf
1935,inf
2952,inf
8170,inf
710,inf
667,inf
543,inf
3688,inf
3302,inf
664,inf
7706,inf
2076,inf
2500,inf
2020,inf
1913,inf
3160,inf
11817,inf
5955,inf
4195,inf
939,inf
7386,inf
12448,inf
163,inf
831,inf
1634,inf
495,inf
3411,inf
8095,inf
2251,inf
1891,inf
7473,inf
8557,inf
5766,inf
9849,inf
12269,inf
5402,inf
3601,inf
9895,inf
3909,inf
10595,inf
460,inf
2883,inf
2405,inf
2969,inf
268,inf
558,inf
10556,inf
5476,inf
8017,inf
4865,inf
11378,inf
1364,inf
3185,inf
12622,inf
1135,inf
505,inf
6459,inf
10303,inf
11899,inf
3116,inf
10073,inf
3393,inf
860,inf
2410,inf
5662,inf
2210,inf
500,inf
1487,inf
1971,inf
9792,inf
1768,inf
1871,inf
12803,inf
3923,inf
431,inf
3151,inf
4653,inf
9918,inf
134,inf
6377,inf
3233,inf
1580,inf
3384,inf
7289,inf
9381,inf
12592,inf
587,inf
7607,inf
6963,inf
8521,inf
10499,inf
12036,inf
7020,inf
8743,inf
12157,inf
11239,inf
3663,inf
9637,inf
8276,inf
3010,inf
2409,inf
6257,inf
2017,inf
12678,inf
6112,inf
2189,inf
1080,inf
2690,inf
6163,inf
5107,inf
322,inf
6522,inf
2068,inf
3792,inf
2882,inf
5589,inf
5400,inf
2114,inf
111,inf
4343,inf
1712,inf
548,inf
3872,inf
7453,inf
3551,inf
2332,inf
1934,inf
9736,inf
1182,inf
508,inf
11486,inf
8871,inf
2011,inf
4175,inf
1323,inf
10789,inf
6130,inf
435,inf
10805,inf
3055,inf
6164,inf
5656,inf
7336,inf
4469,inf
2136,inf
5535,inf
1231,inf
11272,inf
1021,inf
2761,inf
4704,inf
2705,inf
435,inf
7989,inf
2544,inf
3767,inf
7294,inf
11474,inf
2330,inf
6619,inf
6490,inf
63,inf
967,inf
9740,inf
1763,inf
9782,inf
2731,inf
343,inf
561,inf
6501,inf
10554,inf
2074,inf
12584,inf
1873,inf
1213,inf
5906,inf
3139,inf
4940,inf
2446,inf
835,inf
10184,inf
11460,inf
2817,inf
10662,inf
9273,inf
219,inf
12943,inf
1058,inf
788,inf
1160,inf
2653,inf
10599,inf
5800,inf
131,inf
3095,inf
1823,inf
5447,inf
12900,inf
1316,inf
319,inf
10480,inf
574,inf
2822,inf
9437,inf
4272,inf
1782,inf
11922,inf
11326,inf
1804,inf
2003,inf
7570,inf
9632,inf
74,inf
7627,inf
11876,inf
1285,inf
2212,inf
2104,inf
2659,inf
1178,inf
3876,inf
677,inf
6856,inf
4256,inf
12061,inf
1948,inf
12461,inf
2673,inf
11313,inf
2597,inf
457,inf
1430,inf
8795,inf
10465,inf
9807,inf
1936,inf
10108,inf
2310,inf
10840,inf
6251,inf
1811,inf
12972,inf
12258,inf
1830,inf
8947,inf
4771,inf
838,inf
2193,inf
11547,inf
1058,inf
4039,inf
1462,inf
8680,inf
6921,inf
1385,inf
410,inf
8002,inf
10165,inf
351,inf
1135,inf
3838,inf
1287,inf
3704,inf
11620,inf
5601,inf
429,inf
390,inf
100,inf
10524,inf
12626,inf
3230,inf
9761,inf
7283,inf
1024,inf
204,inf
11060,inf
10291,inf
3743,inf
2592,inf
9023,inf
11890,inf
6321,inf
1635,inf
1501,inf
11908,inf
1103,inf
1706,inf
12992,inf
1679,inf
2914,inf
5886,inf
3309,inf
9983,inf
10866,inf
12463,inf
9921,inf
9528,inf
8552,inf
11997,inf
8663,inf
4638,inf
247,inf
2111,inf
2790,inf
1935,inf
7861,inf
8018,inf
9560,inf
12985,inf
2944,inf
379,inf
10391,inf
2871,inf
1077,inf
3339,inf
476,inf
1235,inf
2543,inf
50,inf
10897,inf
4624,inf
1752,inf
1490,inf
3539,inf
11184,inf
3867,inf
609,inf
8666,inf
5641,inf
1376,inf
11866,inf
3832,inf
3371,inf
327,inf
93,inf
2066,inf
1258,inf
6068,inf
1106,inf
1010,inf
175,inf
9972,inf
9963,inf
12114,inf
2204,inf
792,inf
288,inf
1423,inf
5514,inf
11875,inf
3955,inf
6193,inf
7041,inf
3317,inf
784,inf
8629,inf
8620,inf
8103,inf
2801,inf
8798,inf
2569,inf
3005,inf
398,inf
5046,inf
4847,inf
4917,inf
615,inf
3047,inf
10407,inf
6145,inf
1161,inf
162,inf
9438,inf
12852,inf
6389,inf
8115,inf
7578,inf
1044,inf
1111,inf
1394,inf
1311,inf
5018,inf
4789,inf
577,inf
5043,inf
1072,inf
6541,inf
7698,inf
642,inf
6667,inf
6388,inf
3809,inf
8445,inf
1045,inf
9038,inf
1431,inf
2448,inf
3348,inf
3412,inf
4478,inf
10821,inf
6759,inf
5318,inf
3322,inf
1047,inf
2272,inf
8808,inf
6987,inf
3031,inf
1372,inf
11810,inf
870,inf
5742,inf
1386,inf
2266,inf
4279,inf
1454,inf
903,inf
6594,inf
750,inf
142,inf
12371,inf
1617,inf
4640,inf
4569,inf
316,inf
10926,inf
2374,inf
12550,inf
709,inf
158,inf
1429,inf
3854,inf
2863,inf
10621,inf
4289,inf
6055,inf
9832,inf
2693,inf
7011,inf
2688,inf
10259,inf
10235,inf
9786,inf
3014,inf
9434,inf
9764,inf
2423,inf
651,inf
3610,inf
1899,inf
1063,inf
4294,inf
1422,inf
10612,inf
4837,inf
4501,inf
10549,inf
1114,inf
88,inf
7817,inf
1980,inf
1151,inf
2404,inf
4641,inf
2942,inf
607,inf
4293,inf
5274,inf
2701,inf
445,inf
7846,inf
1138,inf
7784,inf
11617,inf
1483,inf
11159,inf
8513,inf
8892,inf
2759,inf
4645,inf
2505,inf
2017,inf
9450,inf
2271,inf
2548,inf
541,inf
2449,inf
8912,inf
3996,inf
3866,inf
2885,inf
2111,inf
95,inf
3071,inf
10344,inf
160,inf
1039,inf
1306,inf
2725,inf
868,inf
11937,inf
2177,inf
4366,inf
2742,inf
12845,inf
624,inf
1659,inf
6569,inf
179,inf
12103,inf
450,inf
5796,inf
2573,inf
4685,inf
1325,inf
2623,inf
3088,inf
8992,inf
9195,inf
2862,inf
4097,inf
12294,inf
1600,inf
8716,inf
11537,inf
7663,inf
1206,inf
2184,inf
3525,inf
9221,inf
2166,inf
3445,inf
2278,inf
4525,inf
1354,inf
10348,inf
2023,inf
1672,inf
531,inf
2048,inf
429,inf
9757,inf
8636,inf
7959,inf
2886,inf
679,inf
1270,inf
1618,inf
1033,inf
4672,inf
5523,inf
2398,inf
1028,inf
459,inf
11788,inf
3931,inf
410,inf
721,inf
1490,inf
2979,inf
1967,inf
3898,inf
929,inf
398,inf
3304,inf
2264,inf
5436,inf
5225,inf
8587,inf
4849,inf
499,inf
1460,inf
2464,inf
2683,inf
9029,inf
3188,inf
1737,inf
549,inf
1390,inf
10437,inf
2787,inf
4062,inf
777,inf
5135,inf
3521,inf
2750,inf
12286,inf
3857,inf
578,inf
1944,inf
3511,inf
3262,inf
1148,inf
11137,inf
2426,inf
12440,inf
2704,inf
1222,inf
2707,inf
10643,inf
2534,inf
1777,inf
2331,inf
12938,inf
1139,inf
1636,inf
3224,inf
5747,inf
604,inf
1346,inf
9891,inf
2653,inf
10722,inf
2214,inf
8519,inf
3869,inf
780,inf
5483,inf
2495,inf
251,inf
8327,inf
9610,inf
2949,inf
3713,inf
2281,inf
1704,inf
2849,inf
11160,inf
5196,inf
901,inf
2204,inf
2348,inf
11923,inf
3286,inf
12299,inf
1181,inf
8251,inf
2897,inf
12548,inf
2794,inf
2835,inf
1115,inf
9351,inf
12288,inf
6764,inf
2009,inf
1484,inf
12829,inf
610,inf
2018,inf
8818,inf
2270,inf
7844,inf
1755,inf
3485,inf
2501,inf
2953,inf
1395,inf
2171,inf
687,inf
1644,inf
1697,inf
3814,inf
2740,inf
2793,inf
9962,inf
641,inf
12391,inf
2590,inf
994,inf
2645,inf
11386,inf
1681,inf
2564,inf
7876,inf
1345,inf
1417,inf
615,inf
2700,inf
6521,inf
2526,inf
3038,inf
5790,inf
1919,inf
5052,inf
8895,inf
12142,inf
799,inf
12389,inf
1393,inf
1373,inf
12110,inf
6469,inf
1913,inf
9400,inf
570,inf
1728,inf
7188,inf
133,inf
10485,inf
3011,inf
277,inf
2296,inf
10784,inf
1749,inf
1353,inf
11853,inf
2426,inf
4998,inf
10103,inf
2930,inf
92,inf
258,inf
2074,inf
417,inf
2592,inf
6207,inf
1173,inf
3596,inf
10366,inf
1972,inf
129,inf
2375,inf
2425,inf
3938,inf
30,inf
1210,inf
6950,inf
4565,inf
9377,inf
1813,inf
1529,inf
1350,inf
9627,inf
4201,inf
5115,inf
10237,inf
6367,inf
2532,inf
1267,inf
1553,inf
8861,inf
11037,inf
2019,inf
983,inf
6254,inf
6036,inf
7896,inf
11579,inf
9071,inf
1415,inf
8738,inf
2421,inf
3887,inf
2603,inf
10495,inf
7241,inf
1486,inf
840,inf
12633,inf
3935,inf
1506,inf
51,inf
91,inf
6525,inf
2022,inf
11218,inf
10449,inf
2851,inf
1613,inf
9444,inf
10252,inf
2062,inf
6079,inf
7797,inf
739,inf
12617,inf
1809,inf
9854,inf
9749,inf
12025,inf
1865,inf
1647,inf
6023,inf
10484,inf
839,inf
1250,inf
12366,inf
680,inf
3932,inf
2764,inf
11247,inf
1469,inf
2899,inf
6022,inf
88,inf
2565,inf
3091,inf
11493,inf
2102,inf
1296,inf
2091,inf
3628,inf
2869,inf
953,inf
934,inf
2249,inf
8793,inf
3503,inf
5399,inf
10727,inf
3345,inf
3402,inf
7074,inf
11381,inf
48,inf
12174,inf
4823,inf
8407,inf
1898,inf
3382,inf
10289,inf
2692,inf
2014,inf
8442,inf
592,inf
8920,inf
4724,inf
2187,inf
4833,inf
612,inf
2465,inf
12325,inf
11278,inf
8705,inf
1026,inf
7917,inf
974,inf
2184,inf
3273,inf
3670,inf
3516,inf
11682,inf
12243,inf
7650,inf
6091,inf
12793,inf
550,inf
7754,inf
763,inf
1862,inf
2306,inf
11541,inf
10529,inf
9305,inf
7135,inf
2188,inf
7038,inf
1657,inf
4952,inf
3889,inf
2106,inf
6859,inf
2293,inf
1298,inf
8050,inf
10507,inf
5172,inf
2241,inf
7951,inf
3554,inf
970,inf
3860,inf
8588,inf
1870,inf
7348,inf
196,inf
97,inf
6568,inf
642,inf
647,inf
2637,inf
2150,inf
928,inf
3658,inf
12807,inf
1776,inf
2571,inf
1857,inf
5497,inf
2231,inf
661,inf
2243,inf
7044,inf
8878,inf
342,inf
4563,inf
3868,inf
722,inf
7869,inf
12770,inf
7153,inf
2575,inf
1107,inf
29,inf
2399,inf
6602,inf
73,inf
4562,inf
8356,inf
490,inf
960,inf
3896,inf
9620,inf
7125,inf
10693,inf
4118,inf
3906,inf
501,inf
6236,inf
3483,inf
5479,inf
895,inf
2030,inf
172,inf
2958,inf
7839,inf
8851,inf
127,inf
2560,inf
4851,inf
6203,inf
532,inf
1183,inf
1448,inf
37,inf
2830,inf
10753,inf
9524,inf
6280,inf
402,inf
6876,inf
1609,inf
2450,inf
3291,inf
2352,inf
3781,inf
4227,inf
4213,inf
8840,inf
10260,inf
12518,inf
1065,inf
2150,inf
3717,inf
442,inf
10770,inf
3066,inf
8577,inf
663,inf
9176,inf
937,inf
3904,inf
1621,inf
12739,inf
3235,inf
2068,inf
6399,inf
3110,inf
2018,inf
280,inf
10385,inf
1864,inf
3761,inf
9392,inf
6621,inf
1855,inf
638,inf
2375,inf
9563,inf
4036,inf
3626,inf
3099,inf
1468,inf
11004,inf
1031,inf
1633,inf
3541,inf
1937,inf
7248,inf
10846,inf
1034,inf
2007,inf
3510,inf
6047,inf
5934,inf
8855,inf
109,inf
2261,inf
7075,inf
1129,inf
9161,inf
10779,inf
1764,inf
2364,inf
1297,inf
5575,inf
11287,inf
2218,inf
6902,inf
1025,inf
3027,inf
1594,inf
4691,inf
303,inf
12095,inf
2652,inf
2708,inf
1141,inf
10822,inf
6808,inf
2605,inf
10096,inf
1381,inf
8294,inf
1889,inf
1212,inf
10068,inf
2463,inf
2448,inf
4842,inf
7712,inf
79,inf
6666,inf
6711,inf
10570,inf
3320,inf
8386,inf
11428,inf
10059,inf
8479,inf
9567,inf
8699,inf
2722,inf
522,inf
7905,inf
1710,inf
5986,inf
7495,inf
12565,inf
1535,inf
1213,inf
3169,inf
2223,inf
654,inf
6224,inf
1606,inf
10028,inf
11557,inf
2361,inf
8490,inf
223,inf
503,inf
5561,inf
11943,inf
1310,inf
1002,inf
6973,inf
840,inf
256,inf
4188,inf
10081,inf
2242,inf
827,inf
255,inf
520,inf
1243,inf
2969,inf
9181,inf
7858,inf
7802,inf
118,inf
7583,inf
10701,inf
12038,inf
136,inf
2905,inf
3315,inf
1736,inf
11540,inf
2415,inf
1273,inf
209,inf
9745,inf
2754,inf
3307,inf
1149,inf
6019,inf
10655,inf
7788,inf
1389,inf
1231,inf
3876,inf
4447,inf
3857,inf
203,inf
589,inf
1119,inf
2703,inf
10654,inf
1051,inf
8932,inf
702,inf
5295,inf
4871,inf
446,inf
1435,inf
9863,inf
12725,inf
12223,inf
1327,inf
3098,inf
7499,inf
12799,inf
10114,inf
4841,inf
5654,inf
12892,inf
1984,inf
12763,inf
1098,inf
140,inf
1733,inf
7930,inf
7058,inf
1345,inf
3325,inf
4419,inf
8287,inf
12890,inf
4284,inf
1873,inf
1724,inf
2749,inf
7252,inf
9690,inf
3297,inf
1316,inf
8515,inf
3875,inf
1797,inf
5022,inf
6768,inf
1052,inf
6555,inf
12783,inf
5357,inf
8455,inf
5750,inf
2485,inf
10644,inf
2403,inf
6455,inf
869,inf
10287,inf
1176,inf
253,inf
2072,inf
7435,inf
2255,inf
976,inf
12808,inf
81,inf
11759,inf
2774,inf
9564,inf
11767,inf
11667,inf
2752,inf
2796,inf
8134,inf
6565,inf
3079,inf
2900,inf
939,inf
5256,inf
3679,inf
2790,inf
4961,inf
1347,inf
7113,inf
2698,inf
314,inf
739,inf
977,inf
5363,inf
9890,inf
4067,inf
3978,inf
3108,inf
5471,inf
8486,inf
8700,inf
5957,inf
898,inf
2128,inf
5260,inf
155,inf
2100,inf
1649,inf
3406,inf
1510,inf
5722,inf
3785,inf
12458,inf
988,inf
1704,inf
631,inf
689,inf
11499,inf
9810,inf
2733,inf
8210,inf
10742,inf
1572,inf
4198,inf
1696,inf
12662,inf
11201,inf
163,inf
9225,inf
2352,inf
847,inf
9662,inf
244,inf
536,inf
422,inf
2839,inf
2491,inf
2261,inf
9914,inf
8856,inf
197,inf
2536,inf
9175,inf
930,inf
472,inf
4435,inf
5614,inf
10211,inf
647,inf
9040,inf
1971,inf
8394,inf
2711,inf
244,inf
2658,inf
2249,inf
10266,inf
2898,inf
3820,inf
10515,inf
1343,inf
1174,inf
2451,inf
2477,inf
2770,inf
3026,inf
7374,inf
6333,inf
3523,inf
2305,inf
2327,inf
112,inf
10649,inf
10685,inf
1327,inf
9013,inf
2257,inf
298,inf
1573,inf
345,inf
4708,inf
9169,inf
1673,inf
479,inf
9150,inf
8230,inf
9271,inf
655,inf
2428,inf
178,inf
6114,inf
8721,inf
2424,inf
10690,inf
2655,inf
1403,inf
3741,inf
3782,inf
6751,inf
8488,inf
4798,inf
867,inf
6684,inf
3705,inf
2263,inf
1885,inf
11727,inf
2754,inf
11535,inf
4684,inf
12297,inf
9472,inf
3247,inf
6084,inf
4000,inf
9199,inf
8137,inf
7242,inf
836,inf
3353,inf
11458,inf
245,inf
1835,inf
94,inf
11782,inf
1942,inf
7776,inf
1818,inf
1761,inf
6712,inf
608,inf
1378,inf
1269,inf
443,inf
10961,inf
8476,inf
1105,inf
7151,inf
1189,inf
2628,inf
2506,inf
1807,inf
2187,inf
1956,inf
1839,inf
2356,inf
4144,inf
138,inf
6787,inf
6956,inf
2700,inf
2438,inf
1881,inf
2350,inf
7230,inf
2687,inf
7940,inf
888,inf
47,inf
9946,inf
9653,inf
6632,inf
546,inf
2257,inf
11818,inf
10803,inf
8030,inf
1708,inf
454,inf
137,inf
3288,inf
2250,inf
121,inf
2185,inf
2621,inf
8734,inf
2220,inf
679,inf
5566,inf
286,inf
6181,inf
4809,inf
8203,inf
737,inf
2559,inf
8220,inf
9966,inf
10406,inf
11293,inf
10997,inf
2281,inf
2320,inf
3333,inf
2105,inf
468,inf
2538,inf
3243,inf
12154,inf
2400,inf
9930,inf
4199,inf
1406,inf
2387,inf
2802,inf
11837,inf
1445,inf
1191,inf
2398,inf
420,inf
11892,inf
2520,inf
3698,inf
3740,inf
8628,inf
1282,inf
6708,inf
11123,inf
2188,inf
421,inf
8290,inf
701,inf
1472,inf
12014,inf
5532,inf
8595,inf
1007,inf
2199,inf
7884,inf
3016,inf
1652,inf
10038,inf
8529,inf
5665,inf
1482,inf
804,inf
2089,inf
4003,inf
2570,inf
735,inf
9674,inf
12862,inf
7123,inf
5091,inf
594,inf
1410,inf
6190,inf
6574,inf
2843,inf
2933,inf
10339,inf
159,inf
3459,inf
4015,inf
797,inf
448,inf
9177,inf
892,inf
2397,inf
486,inf
3686,inf
9760,inf
3676,inf
12308,inf
3029,inf
1827,inf
2762,inf
926,inf
1276,inf
179,inf
3396,inf
12047,inf
9881,inf
104,inf
11364,inf
5227,inf
10670,inf
3362,inf
5059,inf
4004,inf
12160,inf
8662,inf
11542,inf
1802,inf
2614,inf
10993,inf
12951,inf
7364,inf
2879,inf
12898,inf
3057,inf
2161,inf
3632,inf
5259,inf
5186,inf
3359,inf
714,inf
1185,inf
6093,inf
4308,inf
463,inf
1252,inf
12730,inf
10648,inf
8691,inf
9327,inf
632,inf
3334,inf
12758,inf
4318,inf
1146,inf
232,inf
3623,inf
877,inf
5469,inf
10442,inf
10574,inf
5272,inf
3769,inf
2301,inf
7639,inf
1538,inf
375,inf
3802,inf
10521,inf
2722,inf
1697,inf
12129,inf
3444,inf
3074,inf
1422,inf
7877,inf
6134,inf
528,inf
5537,inf
1523,inf
5610,inf
3692,inf
6061,inf
9957,inf
1197,inf
1693,inf
1719,inf
482,inf
1574,inf
2985,inf
6259,inf
3900,inf
2583,inf
3950,inf
1467,inf
1537,inf
349,inf
9284,inf
1766,inf
5184,inf
893,inf
12107,inf
3684,inf
5591,inf
10710,inf
2948,inf
1030,inf
951,inf
8615,inf
7728,inf
7338,inf
11014,inf
7001,inf
1551,inf
1432,inf
2375,inf
2839,inf
10019,inf
1922,inf
2386,inf
3679,inf
10197,inf
1218,inf
809,inf
8353,inf
9193,inf
7213,inf
1555,inf
42,inf
572,inf
12543,inf
899,inf
3944,inf
4130,inf
558,inf
2338,inf
2518,inf
4260,inf
3196,inf
7195,inf
11790,inf
3409,inf
401,inf
11392,inf
12466,inf
9879,inf
8382,inf
12537,inf
1103,inf
6241,inf
11805,inf
2992,inf
11127,inf
1983,inf
3431,inf
5814,inf
3119,inf
594,inf
3706,inf
2054,inf
1010,inf
443,inf
4720,inf
529,inf
1254,inf
876,inf
782,inf
8713,inf
1688,inf
7883,inf
10315,inf
7376,inf
3559,inf
5759,inf
11396,inf
1568,inf
8821,inf
2904,inf
1078,inf
7253,inf
2404,inf
3080,inf
1526,inf
2824,inf
299,inf
2968,inf
12384,inf
5385,inf
1427,inf
120,inf
9333,inf
1234,inf
3757,inf
10125,inf
7009,inf
2907,inf
2651,inf
11489,inf
4747,inf
2915,inf
2281,inf
11423,inf
11250,inf
7954,inf
7398,inf
12434,inf
3835,inf
2952,inf
10140,inf
4164,inf
12698,inf
365,inf
9691,inf
12876,inf
10808,inf
5533,inf
6,inf
2250,inf
8837,inf
7363,inf
1747,inf
638,inf
6000,inf
11702,inf
9923,inf
2424,inf
6474,inf
8731,inf
532,inf
1579,inf
10224,inf
12889,inf
6890,inf
301,inf
5169,inf
5757,inf
868,inf
2076,inf
1045,inf
5114,inf
7335,inf
247,inf
6606,inf
12724,inf
718,inf
12074,inf
12382,inf
2302,inf
10399,inf
7371,inf
10009,inf
2043,inf
9224,inf
3223,inf
1994,inf
4693,inf
7803,inf
6296,inf
491,inf
2903,inf
6980,inf
7233,inf
5751,inf
3895,inf
911,inf
844,inf
1100,inf
11709,inf
11373,inf
5420,inf
1950,inf
1485,inf
822,inf
2713,inf
1652,inf
5249,inf
4506,inf
2020,inf
2708,inf
4909,inf
2466,inf
1775,inf
12376,inf
2125,inf
5632,inf
6177,inf
920,inf
2440,inf
322,inf
3543,inf
45,inf
25,inf
9926,inf
5017,inf
769,inf
749,inf
6121,inf
1955,inf
652,inf
6730,inf
7871,inf
5869,inf
8343,inf
1171,inf
9985,inf
12960,inf
1207,inf
6735,inf
10534,inf
1780,inf
10844,inf
3404,inf
7321,inf
3147,inf
1804,inf
4723,inf
12257,inf
7286,inf
126,inf
7641,inf
8894,inf
12583,inf
2395,inf
11724,inf
3452,inf
5130,inf
4773,inf
1277,inf
12261,inf
10582,inf
2542,inf
2536,inf
2061,inf
1934,inf
2582,inf
2547,inf
3386,inf
2843,inf
4101,inf
11692,inf
9108,inf
6208,inf
1949,inf
341,inf
555,inf
9906,inf
2069,inf
12051,inf
1326,inf
1773,inf
8117,inf
5732,inf
11631,inf
2391,inf
10430,inf
871,inf
963,inf
10425,inf
10157,inf
2044,inf
9042,inf
3008,inf
3548,inf
8064,inf
7547,inf
1722,inf
1236,inf
1205,inf
3073,inf
2956,inf
927,inf
12931,inf
4660,inf
9908,inf
6523,inf
3046,inf
8352,inf
2312,inf
3072,inf
10010,inf
10916,inf
8212,inf
3520,inf
176,inf
8883,inf
1689,inf
12939,inf
2729,inf
7633,inf
2292,inf
674,inf
7218,inf
556,inf
381,inf
1974,inf
4416,inf
3646,inf
5050,inf
1411,inf
8328,inf
1662,inf
1190,inf
10531,inf
2823,inf
1425,inf
2400,inf
10896,inf
12857,inf
2112,inf
6886,inf
12267,inf
11988,inf
2522,inf
2528,inf
925,inf
2644,inf
1808,inf
8860,inf
5633,inf
11888,inf
4839,inf
1607,inf
8936,inf
1155,inf
3587,inf
12920,inf
5356,inf
915,inf
7269,inf
574,inf
8,inf
3273,inf
541,inf
1318,inf
811,inf
940,inf
439,inf
1387,inf
2210,inf
6762,inf
2192,inf
4918,inf
12457,inf
2850,inf
1342,inf
1640,inf
821,inf
2876,inf
12690,inf
12015,inf
7853,inf
1000,inf
10884,inf
2912,inf
5422,inf
529,inf
971,inf
1895,inf
9673,inf
4035,inf
10810,inf
2081,inf
248,inf
369,inf
3654,inf
8993,inf
2228,inf
2827,inf
6600,inf
3227,inf
5508,inf
3993,inf
4561,inf
95,inf
75,inf
10147,inf
3869,inf
2736,inf
10816,inf
12713,inf
3015,inf
4988,inf
2528,inf
5558,inf
6162,inf
455,inf
9508,inf
9605,inf
5505,inf
12006,inf
6620,inf
11398,inf
2138,inf
3917,inf
2045,inf
11628,inf
842,inf
8485,inf
5299,inf
7816,inf
3184,inf
1064,inf
3525,inf
1400,inf
3794,inf
3962,inf
1689,inf
221,inf
1124,inf
11585,inf
3972,inf
436,inf
8526,inf
87,inf
1910,inf
12533,inf
1781,inf
10396,inf
768,inf
6775,inf
9387,inf
28,inf
9685,inf
12969,inf
1763,inf
6431,inf
1510,inf
11960,inf
8110,inf
2797,inf
1042,inf
1454,inf
7042,inf
2935,inf
8822,inf
368,inf
2066,inf
1811,inf
12162,inf
1324,inf
1700,inf
6316,inf
1840,inf
9229,inf
11823,inf
2588,inf
12838,inf
1019,inf
10448,inf
12576,inf
11792,inf
7965,inf
4286,inf
4337,inf
9254,inf
3836,inf
463,inf
3571,inf
1859,inf
2623,inf
12065,inf
5574,inf
1542,inf
3322,inf
6719,inf
2639,inf
8719,inf
3105,inf
12143,inf
7672,inf
11196,inf
3052,inf
12273,inf
1437,inf
9104,inf
2456,inf
2334,inf
5644,inf
12691,inf
11001,inf
4050,inf
4425,inf
2366,inf
2248,inf
8211,inf
2454,inf
1962,inf
7581,inf
9705,inf
152,inf
645,inf
9897,inf
5555,inf
4280,inf
2723,inf
555,inf
2078,inf
3976,inf
6322,inf
3555,inf
9928,inf
989,inf
3711,inf
1785,inf
8147,inf
102,inf
8940,inf
3121,inf
977,inf
753,inf
1027,inf
951,inf
8412,inf
10013,inf
9456,inf
3330,inf
2195,inf
2436,inf
771,inf
2716,inf
12127,inf
8876,inf
3199,inf
4983,inf
11405,inf
3298,inf
1073,inf
11482,inf
4692,inf
6396,inf
2111,inf
181,inf
932,inf
11523,inf
1390,inf
1902,inf
6867,inf
5078,inf
7190,inf
2319,inf
11572,inf
4754,inf
10198,inf
27,inf
815,inf
1521,inf
3364,inf
1283,inf
5859,inf
8332,inf
904,inf
11264,inf
2917,inf
1453,inf
2471,inf
3716,inf
7724,inf
941,inf
6391,inf
787,inf
3811,inf
1795,inf
9074,inf
8729,inf
8514,inf
2634,inf
1478,inf
4011,inf
11715,inf
3369,inf
3041,inf
505,inf
9113,inf
6338,inf
2639,inf
12989,inf
7779,inf
5470,inf
6815,inf
5408,inf
3675,inf
2579,inf
845,inf
993,inf
58,inf
5536,inf
1138,inf
1395,inf
2561,inf
5119,inf
12566,inf
1542,inf
7360,inf
2084,inf
2010,inf
8565,inf
805,inf
1978,inf
11704,inf
12955,inf
139,inf
8127,inf
1507,inf
10194,inf
3057,inf
3125,inf
6408,inf
2986,inf
12572,inf
3696,inf
7353,inf
12599,inf
6927,inf
8862,inf
6561,inf
4214,inf
10908,inf
1792,inf
12001,inf
2413,inf
2946,inf
2798,inf
3449,inf
2009,inf
7268,inf
10482,inf
363,inf
6465,inf
11095,inf
2554,inf
10964,inf
5177,inf
927,inf
486,inf
7751,inf
568,inf
7308,inf
2258,inf
3035,inf
5390,inf
2363,inf
139,inf
4874,inf
12418,inf
2365,inf
1483,inf
347,inf
2582,inf
10520,inf
1178,inf
2035,inf
12861,inf
4012,inf
7072,inf
2895,inf
3699,inf
115,inf
9718,inf
2792,inf
1149,inf
3063,inf
11215,inf
5974,inf
386,inf
724,inf
4129,inf
1230,inf
333,inf
4760,inf
10819,inf
7416,inf
475,inf
1166,inf
1713,inf
3171,inf
834,inf
9584,inf
6298,inf
2798,inf
1284,inf
1211,inf
4674,inf
1979,inf
9248,inf
2404,inf
952,inf
8755,inf
5660,inf
4290,inf
1299,inf
12231,inf
808,inf
2838,inf
10017,inf
698,inf
2333,inf
1265,inf
9922,inf
7795,inf
740,inf
1084,inf
3673,inf
7824,inf
12760,inf
7843,inf
1169,inf
168,inf
2583,inf
3096,inf
11471,inf
2116,inf
7564,inf
8028,inf
2715,inf
2461,inf
3228,inf
6090,inf
1821,inf
39,inf
5396,inf
10337,inf
8899,inf
10548,inf
629,inf
6264,inf
3973,inf
12120,inf
8116,inf
7166,inf
1674,inf
2234,inf
2767,inf
7043,inf
2403,inf
3952,inf
3279,inf
10209,inf
3839,inf
1625,inf
2884,inf
9882,inf
4592,inf
2778,inf
783,inf
1071,inf
12321,inf
234,inf
11549,inf
2286,inf
1945,inf
8962,inf
1766,inf
5291,inf
8169,inf
2213,inf
4743,inf
264,inf
12800,inf
2986,inf
6691,inf
9619,inf
7357,inf
908,inf
11477,inf
658,inf
810,inf
8531,inf
562,inf
37,inf
2218,inf
2015,inf
1595,inf
839,inf
1803,inf
686,inf
8215,inf
2158,inf
5602,inf
1245,inf
3802,inf
11839,inf
10393,inf
11063,inf
12912,inf
848,inf
2654,inf
2757,inf
12147,inf
2854,inf
11005,inf
10674,inf
9828,inf
2479,inf
8507,inf
1626,inf
295,inf
11120,inf
222,inf
1101,inf
4071,inf
4184,inf
2513,inf
6878,inf
2816,inf
1608,inf
11650,inf
2617,inf
11020,inf
3267,inf
6860,inf
10713,inf
2329,inf
9189,inf
13,inf
2634,inf
313,inf
3085,inf
5599,inf
11138,inf
10388,inf
7119,inf
9265,inf
1481,inf
778,inf
3383,inf
6038,inf
9522,inf
5185,inf
9546,inf
11371,inf
1883,inf
10080,inf
2608,inf
2313,inf
6351,inf
12088,inf
4230,inf
727,inf
10333,inf
4125,inf
814,inf
1259,inf
5905,inf
138,inf
7748,inf
1819,inf
6777,inf
6454,inf
9851,inf
2634,inf
3432,inf
11716,inf
370,inf
7734,inf
2229,inf
3818,inf
119,inf
3591,inf
175,inf
12010,inf
3907,inf
10995,inf
1905,inf
1870,inf
2686,inf
6625,inf
3087,inf
1961,inf
1063,inf
2854,inf
3068,inf
5818,inf
10506,inf
1033,inf
3695,inf
2517,inf
1407,inf
1857,inf
3219,inf
693,inf
2116,inf
2800,inf
903,inf
11217,inf
980,inf
12674,inf
2573,inf
6919,inf
2198,inf
3370,inf
1819,inf
7487,inf
55,inf
1091,inf
837,inf
24,inf
8060,inf
3672,inf
1114,inf
1265,inf
2566,inf
2154,inf
6572,inf
10533,inf
535,inf
7878,inf
10054,inf
17,inf
6709,inf
10189,inf
11938,inf
3300,inf
795,inf
1025,inf
4572,inf
9733,inf
11506,inf
9072,inf
3637,inf
12833,inf
6200,inf
2153,inf
11490,inf
777,inf
1834,inf
3175,inf
468,inf
2496,inf
3852,inf
1958,inf
4758,inf
2242,inf
6146,inf
1061,inf
1116,inf
2297,inf
12661,inf
13,inf
12339,inf
8806,inf
1748,inf
10974,inf
2034,inf
185,inf
1256,inf
1975,inf
779,inf
8009,inf
1186,inf
846,inf
10398,inf
2987,inf
3603,inf
2444,inf
12926,inf
11316,inf
4637,inf
1265,inf
5707,inf
1767,inf
9986,inf
8239,inf
2071,inf
7026,inf
3489,inf
2276,inf
6209,inf
10146,inf
3736,inf
2036,inf
2796,inf
1657,inf
7726,inf
872,inf
3226,inf
2357,inf
4329,inf
2760,inf
2777,inf
12894,inf
7807,inf
1059,inf
241,inf
1980,inf
12437,inf
363,inf
10005,inf
2326,inf
2267,inf
7667,inf
5527,inf
8665,inf
10566,inf
7520,inf
2051,inf
12936,inf
2560,inf
1014,inf
416,inf
1079,inf
2339,inf
1337,inf
12804,inf
656,inf
12470,inf
417,inf
12059,inf
931,inf
6440,inf
8022,inf
536,inf
2014,inf
3084,inf
4996,inf
3218,inf
2196,inf
1772,inf
6821,inf
1102,inf
2492,inf
5024,inf
46,inf
1485,inf
10935,inf
1298,inf
539,inf
571,inf
10835,inf
3146,inf
8270,inf
387,inf
2219,inf
11430,inf
1293,inf
11660,inf
12327,inf
731,inf
1065,inf
2600,inf
2766,inf
4476,inf
5615,inf
2224,inf
252,inf
11331,inf
10615,inf
3479,inf
1909,inf
12268,inf
5972,inf
7998,inf
1379,inf
11167,inf
2444,inf
1294,inf
8597,inf
1550,inf
3474,inf
4856,inf
2195,inf
8593,inf
493,inf
9532,inf
1760,inf
2106,inf
2921,inf
1089,inf
3266,inf
11065,inf
2732,inf
3499,inf
3915,inf
8496,inf
2841,inf
434,inf
8389,inf
7250,inf
6683,inf
4477,inf
949,inf
1575,inf
236,inf
575,inf
2552,inf
2780,inf
2044,inf
989,inf
3499,inf
7088,inf
691,inf
2070,inf
8261,inf
2671,inf
1253,inf
141,inf
2448,inf
346,inf
6002,inf
835,inf
3045,inf
3599,inf
762,inf
3653,inf
120,inf
3129,inf
11986,inf
4960,inf
8938,inf
4470,inf
9819,inf
8632,inf
2813,inf
10061,inf
11530,inf
1708,inf
3798,inf
6353,inf
3284,inf
12795,inf
10132,inf
1742,inf
498,inf
278,inf
988,inf
2476,inf
7928,inf
3202,inf
9007,inf
3422,inf
873,inf
880,inf
6773,inf
7191,inf
1768,inf
12694,inf
6996,inf
1407,inf
222,inf
12653,inf
377,inf
3313,inf
2475,inf
3707,inf
3260,inf
11310,inf
4031,inf
2922,inf
430,inf
1034,inf
2710,inf
8358,inf
38,inf
12593,inf
996,inf
7012,inf
518,inf
3724,inf
2277,inf
11999,inf
10782,inf
3285,inf
1266,inf
3528,inf
10775,inf
2574,inf
12646,inf
11983,inf
148,inf
1009,inf
526,inf
5414,inf
5,inf
3257,inf
11654,inf
2612,inf
8285,inf
5431,inf
2208,inf
399,inf
6006,inf
12791,inf
10807,inf
1475,inf
10870,inf
10106,inf
1340,inf
3655,inf
6747,inf
4806,inf
745,inf
1735,inf
6380,inf
2554,inf
4916,inf
2428,inf
3796,inf
1915,inf
6883,inf
4822,inf
3505,inf
4305,inf
958,inf
6313,inf
5551,inf
9471,inf
5500,inf
12356,inf
11751,inf
7379,inf
594,inf
2180,inf
33,inf
7557,inf
2443,inf
235,inf
12826,inf
6629,inf
5882,inf
6461,inf
2203,inf
122,inf
3961,inf
1135,inf
464,inf
4695,inf
533,inf
8292,inf
8602,inf
124,inf
494,inf
11753,inf
8702,inf
1342,inf
3405,inf
5582,inf
3979,inf
775,inf
9238,inf
11508,inf
27,inf
6272,inf
99,inf
5565,inf
4936,inf
3992,inf
9187,inf
6646,inf
1096,inf
6230,inf
1847,inf
6,inf
1872,inf
5019,inf
68,inf
1521,inf
3531,inf
2200,inf
942,inf
10519,inf
391,inf
3727,inf
997,inf
9375,inf
10481,inf
3874,inf
3638,inf
692,inf
12324,inf
1929,inf
1561,inf
2002,inf
75,inf
8928,inf
11624,inf
9384,inf
8849,inf
8217,inf
9553,inf
2882,inf
4537,inf
2968,inf
1660,inf
65,inf
2586,inf
3622,inf
10411,inf
12568,inf
3969,inf
3747,inf
1133,inf
8747,inf
5904,inf
12759,inf
10790,inf
10242,inf
10740,inf
2283,inf
2244,inf
794,inf
1998,inf
2819,inf
1794,inf
1302,inf
10895,inf
786,inf
938,inf
2965,inf
490,inf
2293,inf
9386,inf
11595,inf
9751,inf
1756,inf
2380,inf
11806,inf
2593,inf
4943,inf
431,inf
3126,inf
2270,inf
1335,inf
6336,inf
1075,inf
4302,inf
9520,inf
1527,inf
604,inf
6247,inf
1343,inf
172,inf
5903,inf
2717,inf
5854,inf
3771,inf
1945,inf
2136,inf
2468,inf
10508,inf
8735,inf
4748,inf
127,inf
1076,inf
473,inf
157,inf
1656,inf
1922,inf
3132,inf
6342,inf
1286,inf
2663,inf
12940,inf
5619,inf
4530,inf
5076,inf
8,inf
849,inf
1137,inf
1403,inf
5345,inf
491,inf
3239,inf
9804,inf
11878,inf
7481,inf
1304,inf
1982,inf
10559,inf
6293,inf
2565,inf
612,inf
11909,inf
12050,inf
1841,inf
11522,inf
1298,inf
10222,inf
3097,inf
5137,inf
2369,inf
684,inf
6580,inf
1246,inf
9843,inf
3141,inf
8004,inf
5308,inf
290,inf
3220,inf
6078,inf
7220,inf
7266,inf
5806,inf
3149,inf
1555,inf
1406,inf
749,inf
7430,inf
11340,inf
4056,inf
2478,inf
204,inf
7864,inf
3777,inf
1927,inf
1392,inf
720,inf
3989,inf
2479,inf
4017,inf
2110,inf
5821,inf
3602,inf
145,inf
56,inf
11495,inf
2879,inf
10218,inf
1344,inf
2908,inf
5009,inf
9204,inf
1078,inf
5334,inf
1518,inf
9801,inf
1203,inf
1500,inf
6028,inf
2882,inf
8244,inf
10256,inf
2322,inf
10825,inf
72,inf
12640,inf
1762,inf
9488,inf
2928,inf
11913,inf
1711,inf
3598,inf
2571,inf
5519,inf
1820,inf
1264,inf
825,inf
2506,inf
6505,inf
4210,inf
1702,inf
1247,inf
10552,inf
2311,inf
9288,inf
2980,inf
2250,inf
8069,inf
697,inf
8622,inf
350,inf
2373,inf
8841,inf
4614,inf
660,inf
2557,inf
3649,inf
12921,inf
7799,inf
3103,inf
9268,inf
2912,inf
7173,inf
3953,inf
1750,inf
3538,inf
897,inf
388,inf
9775,inf
938,inf
3556,inf
398,inf
2659,inf
638,inf
6954,inf
4215,inf
1223,inf
2808,inf
3602,inf
7323,inf
6593,inf
3500,inf
2339,inf
1158,inf
11684,inf
388,inf
12658,inf
1014,inf
2539,inf
12569,inf
12259,inf
8284,inf
2330,inf
10672,inf
2828,inf
1990,inf
8520,inf
18,inf
1660,inf
177,inf
665,inf
3172,inf
8599,inf
2651,inf
2690,inf
4090,inf
1781,inf
11271,inf
11802,inf
10695,inf
11241,inf
3483,inf
572,inf
3939,inf
7146,inf
2739,inf
9232,inf
4729,inf
966,inf
7115,inf
1688,inf
3098,inf
7347,inf
9549,inf
6612,inf
1252,inf
3821,inf
6657,inf
12812,inf
2135,inf
1759,inf
545,inf
8863,inf
6365,inf
3711,inf
7541,inf
5720,inf
1446,inf
3791,inf
3893,inf
3775,inf
1273,inf
7025,inf
7313,inf
382,inf
8639,inf
9831,inf
1007,inf
6037,inf
12605,inf
619,inf
1627,inf
2530,inf
1444,inf
83,inf
8915,inf
3008,inf
2610,inf
457,inf
11978,inf
12365,inf
3883,inf
2961,inf
2421,inf
2611,inf
302,inf
516,inf
361,inf
3466,inf
11171,inf
8543,inf
201,inf
10686,inf
7306,inf
1528,inf
330,inf
12278,inf
8108,inf
3959,inf
3719,inf
4949,inf
520,inf
5474,inf
152,inf
3481,inf
7991,inf
12180,inf
7640,inf
1207,inf
11905,inf
2631,inf
1109,inf
3274,inf
10133,inf
12475,inf
8365,inf
12929,inf
2156,inf
728,inf
723,inf
10673,inf
1405,inf
288,inf
9366,inf
3168,inf
509,inf
10112,inf
221,inf
2575,inf
189,inf
11173,inf
8778,inf
7078,inf
308,inf
4663,inf
9209,inf
9085,inf
6557,inf
2535,inf
329,inf
4631,inf
1687,inf
4026,inf
649,inf
10457,inf
7773,inf
1639,inf
8278,inf
3498,inf
921,inf
11901,inf
866,inf
6398,inf
543,inf
2867,inf
8877,inf
12316,inf
1004,inf
12332,inf
5672,inf
12417,inf
9802,inf
3471,inf
752,inf
760,inf
1666,inf
1950,inf
1939,inf
218,inf
3506,inf
3687,inf
1023,inf
7932,inf
3755,inf
295,inf
510,inf
6913,inf
2142,inf
1986,inf
5659,inf
10829,inf
9539,inf
3543,inf
10168,inf
8139,inf
9235,inf
9062,inf
3234,inf
832,inf
3350,inf
11152,inf
537,inf
1902,inf
3099,inf
1714,inf
11668,inf
404,inf
4903,inf
2753,inf
7682,inf
523,inf
3693,inf
1703,inf
6291,inf
2747,inf
5277,inf
8941,inf
2850,inf
2816,inf
8250,inf
5327,inf
7141,inf
913,inf
188,inf
7922,inf
2037,inf
8646,inf
3022,inf
8704,inf
1274,inf
10169,inf
3025,inf
4271,inf
4257,inf
5926,inf
2937,inf
797,inf
1715,inf
1052,inf
2919,inf
261,inf
1682,inf
9018,inf
11204,inf
940,inf
6518,inf
78,inf
3860,inf
12489,inf
5354,inf
3770,inf
3487,inf
3659,inf
6944,inf
2744,inf
5679,inf
1747,inf
11683,inf
226,inf
2877,inf
7914,inf
11106,inf
334,inf
8237,inf
768,inf
1033,inf
10681,inf
2952,inf
1380,inf
875,inf
1916,inf
1528,inf
3354,inf
983,inf
12884,inf
117,inf
4709,inf
4520,inf
10422,inf
748,inf
11611,inf
1153,inf
813,inf
4700,inf
2118,inf
3692,inf
3693,inf
2903,inf
987,inf
8271,inf
3659,inf
2432,inf
1280,inf
3278,inf
9459,inf
812,inf
3640,inf
5661,inf
11974,inf
2292,inf
1613,inf
8315,inf
5341,inf
2574,inf
8783,inf
4863,inf
8073,inf
2838,inf
574,inf
1868,inf
1576,inf
3946,inf
1615,inf
2332,inf
1178,inf
38,inf
10246,inf
9530,inf
392,inf
1053,inf
8410,inf
6095,inf
3584,inf
2995,inf
9081,inf
11276,inf
4139,inf
1620,inf
5841,inf
9165,inf
6058,inf
783,inf
6325,inf
11330,inf
12732,inf
1778,inf
1484,inf
5373,inf
3440,inf
12501,inf
1054,inf
2687,inf
1904,inf
1497,inf
591,inf
639,inf
567,inf
10613,inf
1273,inf
8616,inf
3722,inf
2890,inf
11636,inf
6238,inf
2677,inf
3428,inf
9376,inf
2522,inf
54,inf
12447,inf
2792,inf
361,inf
2803,inf
7902,inf
7462,inf
1577,inf
2035,inf
3293,inf
2586,inf
4153,inf
2075,inf
7579,inf
12139,inf
4255,inf
1021,inf
8549,inf
2694,inf
1026,inf
12153,inf
1334,inf
12057,inf
1736,inf
6656,inf
2944,inf
9586,inf
8238,inf
8769,inf
1596,inf
2099,inf
945,inf
3604,inf
4420,inf
5477,inf
1349,inf
12615,inf
12561,inf
970,inf
5352,inf
10750,inf
2180,inf
3178,inf
2088,inf
2,inf
10324,inf
155,inf
5724,inf
758,inf
7228,inf
4889,inf
11017,inf
8304,inf
9480,inf
2736,inf
5121,inf
5622,inf
760,inf
8687,inf
3867,inf
2411,inf
4086,inf
12400,inf
6797,inf
1034,inf
1783,inf
2753,inf
1920,inf
10888,inf
12513,inf
5594,inf
5812,inf
5147,inf
6057,inf
6220,inf
7145,inf
6356,inf
7028,inf
3140,inf
9098,inf
255,inf
280,inf
2385,inf
2943,inf
5517,inf
1024,inf
103,inf
7912,inf
2161,inf
8001,inf
1260,inf
3938,inf
3880,inf
1691,inf
2982,inf
426,inf
1168,inf
966,inf
883,inf
12364,inf
4765,inf
2079,inf
7711,inf
1775,inf
12559,inf
2769,inf
2980,inf
795,inf
2822,inf
6553,inf
691,inf
760,inf
963,inf
1964,inf
12886,inf
9857,inf
3880,inf
12901,inf
2717,inf
10475,inf
812,inf
2926,inf
10280,inf
4843,inf
1447,inf
12175,inf
708,inf
2112,inf
7628,inf
6669,inf
3299,inf
3524,inf
210,inf
4604,inf
1734,inf
1047,inf
5435,inf
4340,inf
9920,inf
4132,inf
3627,inf
12031,inf
331,inf
5684,inf
7512,inf
1890,inf
12741,inf
5317,inf
10892,inf
403,inf
9796,inf
3682,inf
3056,inf
527,inf
8068,inf
11102,inf
2489,inf
11036,inf
3443,inf
1341,inf
4924,inf
1459,inf
7003,inf
618,inf
11087,inf
11465,inf
5074,inf
1049,inf
3275,inf
12431,inf
3135,inf
11764,inf
1115,inf
853,inf
12846,inf
1392,inf
6219,inf
1641,inf
11296,inf
1410,inf
3080,inf
1540,inf
5919,inf
11965,inf
11035,inf
2132,inf
10426,inf
8958,inf
3336,inf
2343,inf
5038,inf
12628,inf
6753,inf
3879,inf
6410,inf
12582,inf
4774,inf
5109,inf
1493,inf
4796,inf
441,inf
3568,inf
4618,inf
394,inf
9342,inf
1552,inf
570,inf
3890,inf
826,inf
11067,inf
584,inf
12019,inf
9281,inf
11258,inf
1487,inf
528,inf
11928,inf
6077,inf
2550,inf
3568,inf
3338,inf
66,inf
15,inf
11762,inf
3575,inf
3633,inf
5617,inf
2648,inf
9896,inf
12666,inf
9847,inf
1837,inf
2471,inf
1324,inf
6309,inf
3174,inf
595,inf
2108,inf
743,inf
8693,inf
685,inf
1236,inf
1552,inf
12822,inf
2705,inf
6990,inf
6901,inf
9925,inf
9067,inf
1383,inf
6915,inf
8686,inf
2396,inf
11469,inf
496,inf
2446,inf
7705,inf
11563,inf
11295,inf
1498,inf
1346,inf
9337,inf
1703,inf
4957,inf
10026,inf
1828,inf
3384,inf
6888,inf
2527,inf
1904,inf
3311,inf
3356,inf
11689,inf
5524,inf
7838,inf
9162,inf
12446,inf
8503,inf
11088,inf
2584,inf
2642,inf
3579,inf
5110,inf
3301,inf
275,inf
1466,inf
12696,inf
6265,inf
9401,inf
835,inf
9862,inf
9614,inf
12949,inf
7498,inf
11752,inf
878,inf
8568,inf
1360,inf
2613,inf
552,inf
1977,inf
12244,inf
451,inf
1821,inf
477,inf
9419,inf
8360,inf
5421,inf
2276,inf
601,inf
6297,inf
2735,inf
1721,inf
877,inf
3046,inf
8706,inf
6376,inf
6634,inf
699,inf
480,inf
1170,inf
2977,inf
7983,inf
791,inf
10277,inf
6076,inf
2609,inf
287,inf
31,inf
10323,inf
626,inf
191,inf
6591,inf
3522,inf
710,inf
5243,inf
510,inf
661,inf
7100,inf
747,inf
6132,inf
10174,inf
5257,inf
9163,inf
12967,inf
12860,inf
2369,inf
1329,inf
11608,inf
657,inf
3482,inf
3045,inf
920,inf
3355,inf
9723,inf
4517,inf
1674,inf
11446,inf
12117,inf
380,inf
80,inf
3058,inf
2056,inf
8551,inf
3248,inf
5120,inf
3279,inf
3714,inf
10336,inf
2503,inf
5104,inf
5342,inf
3308,inf
1479,inf
2149,inf
599,inf
2430,inf
4502,inf
4299,inf
1129,inf
12330,inf
6352,inf
9633,inf
3881,inf
3032,inf
1326,inf
4518,inf
8516,inf
4585,inf
6245,inf
6204,inf
7320,inf
8613,inf
2566,inf
993,inf
10355,inf
7234,inf
1546,inf
5214,inf
3049,inf
3758,inf
1193,inf
9242,inf
2592,inf
2932,inf
1046,inf
786,inf
2990,inf
11112,inf
2393,inf
2806,inf
7345,inf
3562,inf
3367,inf
8136,inf
9117,inf
1478,inf
1336,inf
3187,inf
424,inf
4183,inf
5975,inf
1407,inf
8039,inf
3717,inf
9326,inf
4955,inf
10098,inf
1374,inf
3351,inf
9321,inf
9929,inf
1371,inf
2427,inf
7278,inf
3036,inf
3882,inf
8254,inf
12309,inf
2721,inf
2045,inf
1143,inf
310,inf
6489,inf
1723,inf
8931,inf
980,inf
6263,inf
1588,inf
3975,inf
10307,inf
5252,inf
2771,inf
3554,inf
2472,inf
5625,inf
3316,inf
11478,inf
7585,inf
4064,inf
5247,inf
1631,inf
2512,inf
1445,inf
864,inf
72,inf
3418,inf
10580,inf
2133,inf
5448,inf
11708,inf
890,inf
11996,inf
7069,inf
2765,inf
10402,inf
4834,inf
118,inf
9329,inf
2875,inf
965,inf
962,inf
6617,inf
6117,inf
8654,inf
4757,inf
10763,inf
7938,inf
3271,inf
403,inf
10042,inf
12907,inf
6997,inf
3164,inf
8016,inf
9122,inf
3170,inf
6842,inf
3102,inf
1933,inf
10857,inf
4106,inf
329,inf
11931,inf
797,inf
11419,inf
12280,inf
9664,inf
413,inf
2787,inf
52,inf
8794,inf
4577,inf
993,inf
2835,inf
590,inf
2941,inf
3033,inf
5485,inf
1863,inf
59,inf
2780,inf
5768,inf
5494,inf
10605,inf
2021,inf
6279,inf
385,inf
2475,inf
517,inf
7929,inf
8463,inf
10636,inf
6758,inf
4886,inf
190,inf
3582,inf
2365,inf
851,inf
11003,inf
2973,inf
3945,inf
1463,inf
12874,inf
10268,inf
1524,inf
1934,inf
2083,inf
1443,inf
1755,inf
1375,inf
78,inf
1263,inf
3674,inf
2864,inf
26,inf
1541,inf
7562,inf
2010,inf
324,inf
8655,inf
4235,inf
111,inf
771,inf
1504,inf
5525,inf
3972,inf
2435,inf
304,inf
685,inf
2067,inf
10461,inf
525,inf
2276,inf
4902,inf
10611,inf
2695,inf
6585,inf
538,inf
3526,inf
7969,inf
10261,inf
8478,inf
9408,inf
2264,inf
10631,inf
3590,inf
10798,inf
2299,inf
4733,inf
2877,inf
1843,inf
931,inf
9838,inf
12702,inf
1289,inf
9252,inf
11034,inf
1816,inf
8344,inf
6253,inf
7194,inf
1910,inf
4300,inf
1593,inf
2908,inf
1482,inf
1440,inf
7517,inf
11645,inf
6375,inf
3971,inf
9552,inf
11189,inf
8265,inf
5624,inf
3584,inf
7769,inf
972,inf
5787,inf
3380,inf
213,inf
7394,inf
2745,inf
3562,inf
11332,inf
12505,inf
4177,inf
2660,inf
10823,inf
2750,inf
631,inf
2038,inf
84,inf
6626,inf
12242,inf
1322,inf
6866,inf
10834,inf
8283,inf
6026,inf
59,inf
11995,inf
3330,inf
2316,inf
6566,inf
497,inf
3647,inf
2909,inf
2794,inf
3037,inf
2390,inf
10497,inf
11166,inf
2627,inf
3784,inf
508,inf
6943,inf
12914,inf
1554,inf
77,inf
867,inf
1817,inf
2572,inf
10890,inf
10986,inf
1975,inf
11756,inf
1157,inf
1631,inf
428,inf
11145,inf
496,inf
5102,inf
7819,inf
2518,inf
2475,inf
7424,inf
3219,inf
2222,inf
4727,inf
2279,inf
11770,inf
2665,inf
12410,inf
12,inf
1217,inf
5702,inf
3500,inf
6763,inf
5933,inf
12971,inf
8268,inf
943,inf
508,inf
3705,inf
3647,inf
8183,inf
3760,inf
4907,inf
7350,inf
4154,inf
216,inf
3480,inf
1729,inf
1306,inf
1591,inf
10243,inf
3626,inf
2348,inf
5248,inf
9231,inf
614,inf
7436,inf
1228,inf
7966,inf
2245,inf
2382,inf
7891,inf
1075,inf
1473,inf
49,inf
1027,inf
3848,inf
2252,inf
596,inf
4973,inf
1786,inf
1264,inf
596,inf
1888,inf
7369,inf
2235,inf
2520,inf
358,inf
3430,inf
10161,inf
10652,inf
11698,inf
730,inf
1157,inf
22,inf
10409,inf
1850,inf
1410,inf
2288,inf
1159,inf
8056,inf
10799,inf
7745,inf
1536,inf
2975,inf
12420,inf
2215,inf
9125,inf
12464,inf
12870,inf
11231,inf
3464,inf
5965,inf
2824,inf
7299,inf
8902,inf
5799,inf
5943,inf
10120,inf
268,inf
5571,inf
1008,inf
9708,inf
11214,inf
12033,inf
1701,inf
5709,inf
3434,inf
7099,inf
4223,inf
73,inf
6880,inf
6741,inf
4529,inf
1776,inf
2483,inf
174,inf
8584,inf
934,inf
668,inf
11819,inf
1461,inf
400,inf
276,inf
1333,inf
1694,inf
10603,inf
4006,inf
11172,inf
10717,inf
4493,inf
8349,inf
10707,inf
2163,inf
2160,inf
5138,inf
761,inf
707,inf
2703,inf
11801,inf
3283,inf
1628,inf
9866,inf
3329,inf
10053,inf
1000,inf
533,inf
6928,inf
1391,inf
616,inf
141,inf
9885,inf
9244,inf
8566,inf
2902,inf
1532,inf
2870,inf
858,inf
7574,inf
4550,inf
2909,inf
631,inf
12053,inf
8243,inf
6795,inf
287,inf
7337,inf
9494,inf
7104,inf
11251,inf
4030,inf
15,inf
498,inf
11199,inf
3400,inf
3921,inf
6328,inf
2762,inf
3194,inf
11161,inf
183,inf
2034,inf
829,inf
11976,inf
5054,inf
2995,inf
12743,inf
6685,inf
1872,inf
4088,inf
4978,inf
6437,inf
1489,inf
2308,inf
12616,inf
2933,inf
2614,inf
694,inf
108,inf
3616,inf
2942,inf
1843,inf
1798,inf
6772,inf
9544,inf
12663,inf
7886,inf
4083,inf
1516,inf
9130,inf
1139,inf
11504,inf
1950,inf
8293,inf
1663,inf
10818,inf
2580,inf
3210,inf
10800,inf
10353,inf
2092,inf
359,inf
5025,inf
6851,inf
10060,inf
3940,inf
161,inf
648,inf
1715,inf
6021,inf
1701,inf
3953,inf
2542,inf
509,inf
821,inf
4283,inf
348,inf
12348,inf
11674,inf
2511,inf
3664,inf
959,inf
8767,inf
1002,inf
773,inf
1431,inf
9166,inf
2252,inf
7631,inf
3242,inf
137,inf
6920,inf
5510,inf
2509,inf
6881,inf
8247,inf
10932,inf
8524,inf
6304,inf
742,inf
1317,inf
3235,inf
10181,inf
3535,inf
1693,inf
2254,inf
11696,inf
7399,inf
7770,inf
5263,inf
483,inf
4378,inf
7255,inf
3260,inf
7518,inf
3093,inf
5493,inf
958,inf
2476,inf
11851,inf
5834,inf
1130,inf
7459,inf
10248,inf
2466,inf
10257,inf
9364,inf
3089,inf
1566,inf
9518,inf
12035,inf
2490,inf
2983,inf
2356,inf
2545,inf
3312,inf
1117,inf
23,inf
1087,inf
6386,inf
7470,inf
1757,inf
9056,inf
8483,inf
2391,inf
35,inf
5355,inf
9759,inf
1304,inf
3886,inf
6818,inf
2124,inf
249,inf
12953,inf
630,inf
10522,inf
10338,inf
3718,inf
9797,inf
2718,inf
11744,inf
11749,inf
1809,inf
3990,inf
1349,inf
3082,inf
514,inf
2856,inf
2166,inf
4314,inf
11408,inf
2827,inf
176,inf
3062,inf
7695,inf
4571,inf
11785,inf
6579,inf
2193,inf
1756,inf
11942,inf
3891,inf
8310,inf
465,inf
7066,inf
10359,inf
4403,inf
10310,inf
4643,inf
3399,inf
332,inf
3319,inf
2192,inf
187,inf
12995,inf
4349,inf
1218,inf
10943,inf
12675,inf
384,inf
2886,inf
2544,inf
609,inf
2977,inf
182,inf
1150,inf
472,inf
12752,inf
2807,inf
2756,inf
2456,inf
3021,inf
5145,inf
1850,inf
1598,inf
9697,inf
36,inf
12179,inf
3828,inf
5180,inf
3722,inf
1261,inf
2962,inf
1151,inf
8080,inf
1877,inf
6478,inf
3381,inf
2965,inf
10735,inf
1070,inf
3662,inf
1344,inf
7354,inf
461,inf
703,inf
7977,inf
1266,inf
4658,inf
3878,inf
1514,inf
3355,inf
229,inf
5023,inf
2168,inf
3124,inf
9118,inf
7051,inf
246,inf
2980,inf
1651,inf
6082,inf
3089,inf
7758,inf
3777,inf
7962,inf
303,inf
1689,inf
1027,inf
2646,inf
2162,inf
11461,inf
2844,inf
12933,inf
1837,inf
5775,inf
11861,inf
5386,inf
7916,inf
1895,inf
961,inf
528,inf
8142,inf
534,inf
1053,inf
12866,inf
4320,inf
8286,inf
2664,inf
1131,inf
4134,inf
4739,inf
4970,inf
11447,inf
94,inf
791,inf
11671,inf
11048,inf
857,inf
7945,inf
12958,inf
8436,inf
6740,inf
9078,inf
274,inf
12499,inf
2948,inf
1841,inf
8889,inf
11591,inf
1433,inf
3028,inf
8961,inf
12487,inf
7691,inf
5612,inf
11045,inf
12317,inf
4013,inf
300,inf
2035,inf
3373,inf
6713,inf
1875,inf
1121,inf
12909,inf
9291,inf
7949,inf
2513,inf
3785,inf
5967,inf
2138,inf
1035,inf
8054,inf
1973,inf
457,inf
10658,inf
2813,inf
1926,inf
10958,inf
8219,inf
2724,inf
1067,inf
7002,inf
1414,inf
10357,inf
3774,inf
2617,inf
3817,inf
289,inf
11459,inf
2956,inf
722,inf
6914,inf
458,inf
2968,inf
3987,inf
1602,inf
214,inf
756,inf
12279,inf
2355,inf
11701,inf
658,inf
6831,inf
8177,inf
3347,inf
6999,inf
623,inf
1179,inf
12118,inf
5238,inf
4862,inf
1117,inf
456,inf
3514,inf
12209,inf
2190,inf
2322,inf
4759,inf
4077,inf
1485,inf
4107,inf
7975,inf
6255,inf
298,inf
3812,inf
12304,inf
2901,inf
192,inf
8375,inf
2885,inf
5549,inf
10196,inf
633,inf
5360,inf
984,inf
1099,inf
8811,inf
192,inf
603,inf
6803,inf
9065,inf
1043,inf
1371,inf
5628,inf
3644,inf
6073,inf
3793,inf
7919,inf
2121,inf
1248,inf
922,inf
8195,inf
4539,inf
7801,inf
1789,inf
924,inf
6817,inf
12305,inf
6653,inf
10592,inf
5511,inf
2558,inf
2657,inf
314,inf
2661,inf
9527,inf
3420,inf
1622,inf
9070,inf
2407,inf
3772,inf
1858,inf
5639,inf
10954,inf
2481,inf
5231,inf
12798,inf
3892,inf
8873,inf
1249,inf
344,inf
10811,inf
9540,inf
253,inf
8123,inf
9578,inf
2594,inf
285,inf
9157,inf
2099,inf
12714,inf
919,inf
4275,inf
2984,inf
9547,inf
799,inf
7065,inf
1685,inf
1699,inf
4161,inf
221,inf
7243,inf
1668,inf
11679,inf
964,inf
11977,inf
12718,inf
2480,inf
7697,inf
2954,inf
3934,inf
1291,inf
2055,inf
1386,inf
1146,inf
7005,inf
284,inf
12255,inf
998,inf
10518,inf
1359,inf
990,inf
163,inf
3363,inf
10,inf
464,inf
10299,inf
950,inf
10419,inf
9182,inf
2432,inf
12786,inf
10055,inf
4189,inf
6811,inf
856,inf
3944,inf
2049,inf
1599,inf
3510,inf
2932,inf
1973,inf
10079,inf
1312,inf
2155,inf
10804,inf
1443,inf
9465,inf
3143,inf
3163,inf
5769,inf
12764,inf
10167,inf
3875,inf
259,inf
4896,inf
3137,inf
521,inf
7036,inf
11881,inf
4405,inf
8708,inf
2921,inf
2189,inf
1399,inf
2662,inf
7405,inf
4850,inf
8929,inf
2976,inf
2619,inf
1186,inf
12450,inf
7516,inf
4866,inf
817,inf
2819,inf
6627,inf
3423,inf
302,inf
598,inf
2486,inf
4277,inf
2434,inf
10911,inf
76,inf
10213,inf
3504,inf
2379,inf
3299,inf
11604,inf
11895,inf
2353,inf
5187,inf
148,inf
2567,inf
8667,inf
1866,inf
8858,inf
2263,inf
1788,inf
1433,inf
7070,inf
3760,inf
332,inf
923,inf
1456,inf
6725,inf
9702,inf
4543,inf
3147,inf
1827,inf
174,inf
5391,inf
9031,inf
2901,inf
1790,inf
6513,inf
7148,inf
4646,inf
3578,inf
1080,inf
5894,inf
6331,inf
1636,inf
1040,inf
3826,inf
8879,inf
2688,inf
2514,inf
89,inf
1535,inf
7341,inf
2041,inf
362,inf
8426,inf
3456,inf
1797,inf
4962,inf
3040,inf
3183,inf
1661,inf
10124,inf
10435,inf
3721,inf
1995,inf
9816,inf
2383,inf
12272,inf
1820,inf
1699,inf
1023,inf
1890,inf
3822,inf
2957,inf
4429,inf
4022,inf
3702,inf
6401,inf
932,inf
4351,inf
147,inf
726,inf
5460,inf
8732,inf
4292,inf
9867,inf
11816,inf
2874,inf
3897,inf
414,inf
1991,inf
2372,inf
755,inf
12246,inf
6781,inf
9694,inf
3911,inf
1725,inf
3912,inf
1087,inf
9496,inf
1226,inf
5383,inf
9834,inf
418,inf
9621,inf
879,inf
3317,inf
1612,inf
3709,inf
4505,inf
11043,inf
830,inf
10141,inf
1060,inf
11130,inf
2802,inf
4999,inf
2946,inf
1194,inf
11177,inf
4990,inf
7302,inf
5996,inf
5143,inf
2502,inf
1884,inf
11305,inf
1430,inf
4439,inf
10768,inf
10560,inf
539,inf
9739,inf
7493,inf
2613,inf
7420,inf
5294,inf
477,inf
3181,inf
5218,inf
18,inf
1960,inf
7240,inf
2826,inf
1761,inf
6276,inf
2485,inf
1509,inf
10473,inf
1365,inf
3694,inf
3973,inf
2359,inf
6690,inf
7170,inf
2441,inf
2914,inf
2739,inf
115,inf
2265,inf
3253,inf
990,inf
2723,inf
2112,inf
1563,inf
12122,inf
2027,inf
1476,inf
4738,inf
796,inf
6205,inf
6320,inf
2199,inf
2871,inf
3218,inf
646,inf
2924,inf
8782,inf
5336,inf
1604,inf
3447,inf
12206,inf
2184,inf
492,inf
3186,inf
1450,inf
11566,inf
10609,inf
12270,inf
8712,inf
8619,inf
647,inf
11338,inf
6654,inf
11038,inf
11813,inf
12858,inf
12503,inf
2400,inf
1312,inf
6271,inf
10172,inf
2631,inf
871,inf
8482,inf
675,inf
189,inf
6939,inf
3941,inf
2246,inf
1567,inf
9939,inf
1406,inf
2868,inf
2621,inf
8186,inf
8608,inf
8128,inf
10328,inf
504,inf
312,inf
1992,inf
1514,inf
12097,inf
3166,inf
48,inf
7670,inf
2488,inf
2953,inf
6266,inf
4578,inf
12227,inf
7597,inf
889,inf
7352,inf
10948,inf
6754,inf
3211,inf
8817,inf
434,inf
3856,inf
47,inf
3263,inf
865,inf
4897,inf
4160,inf
11299,inf
10969,inf
2222,inf
8510,inf
2849,inf
1517,inf
2581,inf
5455,inf
2515,inf
8354,inf
3678,inf
3533,inf
7560,inf
2931,inf
3009,inf
12164,inf
11593,inf
90,inf
2829,inf
7856,inf
1893,inf
1978,inf
4263,inf
211,inf
9634,inf
884,inf
9846,inf
2298,inf
6445,inf
1447,inf
82,inf
5296,inf
11775,inf
2771,inf
1524,inf
4181,inf
681,inf
1710,inf
5179,inf
5058,inf
6416,inf
111,inf
3457,inf
12425,inf
1420,inf
9955,inf
428,inf
12020,inf
1886,inf
8240,inf
11949,inf
2730,inf
3412,inf
12204,inf
2358,inf
1042,inf
9737,inf
6424,inf
5516,inf
2860,inf
1814,inf
620,inf
10075,inf
1960,inf
8350,inf
10630,inf
895,inf
7789,inf
11556,inf
3296,inf
1567,inf
1131,inf
1136,inf
1911,inf
7792,inf
534,inf
3032,inf
377,inf
1372,inf
2005,inf
5501,inf
289,inf
9729,inf
3790,inf
3526,inf
120,inf
11435,inf
5621,inf
10815,inf
2656,inf
5413,inf
3293,inf
7211,inf
3210,inf
6303,inf
8457,inf
2335,inf
2478,inf
12183,inf
3683,inf
12734,inf
1180,inf
11953,inf
6423,inf
9000,inf
8956,inf
134,inf
3376,inf
4155,inf
206,inf
1767,inf
11092,inf
4788,inf
778,inf
2881,inf
4654,inf
10192,inf
12613,inf
7899,inf
1831,inf
1272,inf
10052,inf
9022,inf
3519,inf
7368,inf
662,inf
1187,inf
312,inf
8208,inf
2176,inf
2000,inf
6729,inf
12794,inf
1199,inf
793,inf
4644,inf
6850,inf
1488,inf
1377,inf
3026,inf
8585,inf
1879,inf
2681,inf
9542,inf
2734,inf
3166,inf
10719,inf
1968,inf
8085,inf
5795,inf
2140,inf
11562,inf
4913,inf
4468,inf
9427,inf
4548,inf
2494,inf
3401,inf
1684,inf
1354,inf
10021,inf
9423,inf
227,inf
12177,inf
2727,inf
3824,inf
5642,inf
6477,inf
5953,inf
8791,inf
7441,inf
11602,inf
1048,inf
2050,inf
603,inf
3285,inf
1389,inf
1836,inf
3994,inf
8185,inf
2632,inf
3758,inf
675,inf
1232,inf
6779,inf
10030,inf
7908,inf
3558,inf
3861,inf
6965,inf
10731,inf
6774,inf
67,inf
9551,inf
12496,inf
1121,inf
305,inf
11044,inf
1416,inf
3877,inf
693,inf
9259,inf
8780,inf
8401,inf
4584,inf
1923,inf
242,inf
8491,inf
60,inf
1852,inf
2939,inf
3287,inf
522,inf
2971,inf
12293,inf
5282,inf
32,inf
8797,inf
438,inf
1449,inf
718,inf
2850,inf
1896,inf
3976,inf
1968,inf
12836,inf
12750,inf
1937,inf
11526,inf
3372,inf
1793,inf
1635,inf
10451,inf
8952,inf
4838,inf
1214,inf
10316,inf
8341,inf
2537,inf
9976,inf
12124,inf
5441,inf
7825,inf
3853,inf
1829,inf
2079,inf
2087,inf
9613,inf
10345,inf
3191,inf
2384,inf
10389,inf
4753,inf
1612,inf
12945,inf
6363,inf
4169,inf
12172,inf
5583,inf
12950,inf
6448,inf
2406,inf
1539,inf
2531,inf
7730,inf
8829,inf
4813,inf
2570,inf
8838,inf
9158,inf
910,inf
1128,inf
3565,inf
5234,inf
379,inf
1999,inf
4780,inf
2499,inf
12320,inf
2772,inf
2325,inf
3133,inf
3909,inf
894,inf
3639,inf
3576,inf
1783,inf
5099,inf
943,inf
7765,inf
108,inf
242,inf
1321,inf
9492,inf
2024,inf
419,inf
3344,inf
998,inf
9475,inf
2770,inf
4070,inf
7752,inf
770,inf
5409,inf
9821,inf
4051,inf
859,inf
12296,inf
8114,inf
11815,inf
6438,inf
2342,inf
10375,inf
911,inf
11516,inf
11829,inf
3702,inf
3309,inf
1825,inf
9818,inf
9399,inf
3391,inf
860,inf
376,inf
8854,inf
3800,inf
1566,inf
1994,inf
2417,inf
5350,inf
2541,inf
4820,inf
5153,inf
1628,inf
11416,inf
12539,inf
8245,inf
7746,inf
7062,inf
12092,inf
3916,inf
1569,inf
1208,inf
2696,inf
8772,inf
8532,inf
1264,inf
804,inf
2949,inf
3645,inf
6156,inf
2227,inf
7993,inf
4145,inf
2314,inf
2109,inf
1954,inf
2331,inf
6020,inf
601,inf
6493,inf
2648,inf
183,inf
4706,inf
7850,inf
7404,inf
547,inf
8681,inf
3159,inf
3020,inf
1852,inf
1966,inf
1124,inf
10944,inf
11703,inf
632,inf
5850,inf
12875,inf
8675,inf
321,inf
10619,inf
4872,inf
9788,inf
10183,inf
807,inf
2710,inf
9667,inf
598,inf
12577,inf
7973,inf
3345,inf
1665,inf
9572,inf
3292,inf
1589,inf
10867,inf
5980,inf
2356,inf
3159,inf
1637,inf
11333,inf
123,inf
2349,inf
2974,inf
3855,inf
10505,inf
11365,inf
1131,inf
1289,inf
640,inf
7848,inf
2854,inf
854,inf
2472,inf
8366,inf
3820,inf
2412,inf
3152,inf
727,inf
10255,inf
4927,inf
9698,inf
1990,inf
10650,inf
8433,inf
454,inf
1292,inf
2381,inf
11259,inf
551,inf
6500,inf
5041,inf
6421,inf
1452,inf
3298,inf
8826,inf
1974,inf
11312,inf
1594,inf
2416,inf
10195,inf
9455,inf
11736,inf
